chrIV	437453	18.65	37.3
chrXIII	192187	17.51	34.333
chrXVI	57394	16.74	33.48
chrXVI	58401	15.71	31.42
chrV	182610	17.44	31.143
chrIII	307121	14.41	28.82
chrXVI	193050	14.1	28.2
chrIII	279807	13.06	26.12
chrVII	709498	13.05	26.1
chrXVI	809778	12.97	25.94
chrX	445477	12.42	24.84
chrV	386501	16.97	24.594
chrXVI	746640	19.83	24.480999999999998
chrV	386669	18.04	24.053
chrI	1340	13.22	23.607
chrXIII	502330	27.52	23.125999999999998
chrVII	1046191	19.91	22.625
chrXII	131721	16.89	22.52
chrVIII	393105	25.67	21.94
chrXIII	835082	23.12	21.811
chrXVI	924207	10.87	21.314
chrVI	54838	11.93	21.304000000000002
chrXIV	685662	10.45	20.9
chrXV	960486	10.39	20.78
chrX	54575	13.01	20.651
chrXIV	52838	21.09	20.476
chrX	84200	27.26	19.471
chrXIV	564379	9.65	19.3
chrII	278393	9.58	19.16
chrVIII	445748	9.52	19.04
chrIX	60796	19.15	18.96
chrVIII	12516	15.32	18.683
chrXVI	191163	9.29	18.58
chrXI	146644	25.96	18.410999999999998
chrXII	127545	9.2	18.4
chrII	75239	12.44	18.294
chrIV	907499	35.81	18.27
chrXV	1031120	9.27	18.176
chrIV	620362	24.34	18.03
chrX	445635	13.51	18.012999999999998
chrX	197536	8.95	17.9
chrXII	81039	8.87	17.74
chrXIII	145916	10.96	17.677
chrX	211281	30.85	17.629
chrX	84041	10.73	17.59
chrIV	183444	15.11	17.57
chrVIII	34420	9.31	17.566
chrXII	302232	11.21	17.516
chrXII	131884	23.47	17.257
chrIV	570611	9.1	17.17
chrXIV	668079	9.27	17.167
chrXIII	523230	8.55	17.1
chrX	8306	13.31	17.064
chrX	612365	8.51	17.02
chrXI	640740	12.69	16.92
chrIX	310375	13.67	16.877
chrI	76449	10.29	16.869
chrIX	396517	29.16	16.855
chrXVI	746804	8.33	16.66
chrXII	517700	9.62	16.586
chrVIII	417085	13.1	16.582
chrVII	335050	14.8	16.444000000000003
chrX	724956	8.21	16.42
chrII	107465	11.13	16.368
chrX	534194	17.6	16.296
chrI	192627	10.42	16.281
chrXIV	670438	8.14	16.28
chrXIII	273731	12.64	16.205
chrXVI	814516	9.67	16.117
chrX	54415	12.29	15.960999999999999
chrIV	789471	11.77	15.905
chrIV	271917	20.99	15.902000000000001
chrXII	143543	14.38	15.802
chrVII	357489	11.2	15.775
chrXVI	565020	9.78	15.774000000000001
chrXI	483582	11.55	15.607999999999999
chrXIV	734529	37.6	15.602
chrXIII	716721	16.38	15.6
chrXIII	631973	9.45	15.492
chrXII	1022526	12.52	15.457
chrXIII	502161	10.97	15.450999999999999
chrII	9445	8.31	15.389000000000001
chrIV	1178174	15.66	15.353
chrXI	642518	20.36	15.308
chrXII	946379	7.63	15.26
chrV	182778	17.38	15.245999999999999
chrVIII	131696	7.62	15.24
chrXI	548205	8.65	15.175
chrXVI	809196	17.58	15.155
chrV	215027	19.26	14.93
chrII	197346	8.2	14.909
chrXIII	920494	7.41	14.82
chrXVI	246234	15.53	14.79
chrIV	388674	9.17	14.79
chrXIV	668548	16.4	14.775
chrV	517874	7.37	14.74
chrXI	53719	9.72	14.727
chrIX	438401	7.79	14.698
chrXIV	394687	7.32	14.64
chrXII	101005	23.08	14.607999999999999
chrXV	147380	10.34	14.562999999999999
chrX	273138	12.81	14.557
chrXVI	370961	7.26	14.52
chrIV	1417506	13.34	14.5
chrXVI	818685	12.6	14.482999999999999
chrVII	687900	15.92	14.472999999999999
chrXV	282020	7.23	14.46
chrIV	1350263	7.66	14.453
chrXII	853625	13.52	14.383
chrIX	411852	11.62	14.345999999999998
chrXVI	807818	27.53	14.264000000000001
chrX	567819	18.37	14.24
chrVIII	345594	7.06	14.12
chrIX	90141	23.57	14.114
chrXVI	289209	7.04	14.08
chrVII	687643	7.45	14.057
chrX	491456	11.38	14.049000000000001
chrXV	749623	12.91	14.033
chrXII	72811	11.22	14.025
chrXII	100846	14.12	13.98
chrIV	1358733	8.06	13.897
chrXI	202869	8.05	13.879000000000001
chrX	735252	9.02	13.877
chrII	553040	14.71	13.877
chrX	734071	6.93	13.86
chrXII	40690	11.91	13.849
chrXV	120177	6.92	13.84
chrXII	80866	6.92	13.84
chrIII	254730	19.91	13.825999999999999
chrXI	347050	9.11	13.802999999999999
chrVIII	562461	10.34	13.787
chrV	307979	19.98	13.779000000000002
chrXI	660557	8.52	13.742
chrIV	277314	21.39	13.712
chrXV	361596	26.0	13.684000000000001
chrIV	676750	12.86	13.681
chrVII	114705	15.84	13.538
chrIV	394555	13.24	13.51
chrVIII	393728	22.4	13.494000000000002
chrXIII	426153	6.88	13.49
chrVI	54675	10.56	13.367
chrV	488803	7.44	13.286
chrXVI	818336	7.04	13.283
chrXIV	44068	10.21	13.26
chrX	445285	12.44	13.234000000000002
chrVIII	85680	8.73	13.227
chrXII	981504	7.0	13.208
chrVI	4680	7.89	13.15
chrXI	562550	8.94	13.147
chrII	485871	7.23	13.145
chrVI	12263	6.57	13.14
chrX	637073	7.62	13.138
chrXIII	574466	19.8	13.113
chrVII	688394	8.6	13.03
chrIV	437619	6.5	13.0
chrXIII	523688	6.46	12.92
chrIX	83315	10.58	12.902000000000001
chrXIV	444967	15.33	12.882
chrXIII	321357	6.44	12.88
chrIX	434048	6.43	12.86
chrXIII	739203	6.41	12.82
chrII	623479	6.52	12.784
chrXVI	436103	6.39	12.78
chrXII	384339	23.34	12.754000000000001
chrXI	640580	7.26	12.737
chrXII	879740	7.89	12.725999999999999
chrXVI	153129	7.62	12.7
chrV	386838	6.35	12.7
chrXII	777827	11.26	12.652000000000001
chrIV	437290	12.0	12.632
chrXIV	534788	12.37	12.622
chrVIII	133215	7.94	12.603
chrXVI	292413	14.31	12.552999999999999
chrXIV	7501	11.27	12.522
chrXII	316283	25.69	12.470999999999998
chrXIV	593149	6.98	12.464
chrXI	666752	16.67	12.44
chrX	305858	6.84	12.436
chrXIII	534975	6.21	12.42
chrXVI	191001	9.05	12.397
chrVII	706561	6.19	12.38
chrVII	389559	12.12	12.367
chrXVI	442808	9.27	12.36
chrVII	314815	7.34	12.232999999999999
chrVII	338016	14.41	12.212
chrXIV	40375	6.1	12.2
chrIV	283592	9.88	12.198
chrIX	113918	11.54	12.147
chrIV	779547	17.84	12.136
chrXIV	183072	11.76	12.124
chrXIII	196667	6.05	12.1
chrXIV	199977	17.06	12.099
chrIX	101774	32.05	12.094000000000001
chrXII	408420	13.53	12.08
chrVIII	232108	9.17	12.065999999999999
chrXII	912308	6.03	12.06
chrII	768254	7.46	12.032
chrXIII	192357	11.06	12.022
chrXIII	419910	17.98	11.987
chrVIII	481178	13.66	11.982000000000001
chrII	642269	7.06	11.966
chrII	71345	6.69	11.946
chrXII	53942	13.02	11.945
chrVII	687472	13.37	11.937000000000001
chrV	254687	10.01	11.917
chrIX	183999	15.6	11.908
chrVII	355795	8.33	11.9
chrXII	249911	11.64	11.878
chrII	809695	5.93	11.86
chrII	278790	5.89	11.78
chrV	315980	5.88	11.76
chrVII	328428	5.87	11.74
chrIV	940650	5.87	11.74
chrX	360368	5.86	11.72
chrXIII	191693	6.2	11.698
chrIV	1356050	10.41	11.697000000000001
chrXI	387500	5.84	11.68
chrII	132626	15.36	11.636
chrV	62116	5.81	11.62
chrXIII	749691	6.15	11.604000000000001
chrXIII	311842	5.8	11.6
chrIV	1443408	5.8	11.6
chrXV	119780	7.41	11.578
chrIV	52616	12.73	11.573
chrXVI	254754	6.56	11.509
chrXV	685919	8.4	11.507
chrIX	433868	5.75	11.5
chrXIII	80099	15.71	11.467
chrXIII	527816	10.2	11.460999999999999
chrXV	139254	12.14	11.453
chrXVI	792216	19.34	11.444
chrVII	767706	18.42	11.440999999999999
chrVI	114246	8.58	11.44
chrIV	1483468	5.72	11.44
chrII	48846	13.15	11.435
chrXVI	671302	18.49	11.414000000000001
chrXII	714869	11.75	11.408
chrVII	11000	5.7	11.4
chrXVI	510934	8.06	11.352
chrXII	841500	15.07	11.331
chrXIII	504096	6.9	11.311
chrXVI	511094	12.78	11.31
chrXVI	143163	8.56	11.263
chrXI	148386	13.29	11.263
chrX	445124	13.85	11.26
chrXI	626745	9.1	11.235
chrX	239367	9.21	11.232000000000001
chrXII	13666	10.2	11.209000000000001
chrII	69327	18.38	11.207
chrXIII	736547	10.04	11.155999999999999
chrXIII	233487	10.58	11.137
chrXIII	659679	8.68	11.128
chrXIV	734370	20.88	11.106
chrIV	277151	15.54	11.1
chrX	9196	8.31	11.08
chrXVI	169726	5.87	11.075
chrXII	552449	25.46	11.07
chrXIII	919983	5.53	11.06
chrX	734747	11.28	11.059000000000001
chrXV	524884	13.68	11.032
chrXIII	23665	10.7	11.030999999999999
chrVIII	241358	7.83	11.027999999999999
chrXIV	510217	6.6	11.0
chrVII	947555	16.36	10.98
chrXIII	370944	5.48	10.96
chrXV	903386	6.79	10.952
chrV	55941	23.31	10.944
chrXI	191281	11.59	10.934000000000001
chrII	181768	21.63	10.924000000000001
chrXVI	506393	6.66	10.918
chrIV	283751	10.59	10.918
chrII	683098	7.74	10.901
chrXII	942799	5.45	10.9
chrXVI	52969	9.04	10.892000000000001
chrXI	333651	17.62	10.877
chrXII	593477	5.43	10.86
chrXIV	670600	10.53	10.856
chrXV	531642	7.92	10.849
chrVII	919292	21.69	10.845
chrI	54074	13.4	10.806
chrIV	1017419	5.71	10.774000000000001
chrXI	148736	7.54	10.770999999999999
chrII	398263	7.86	10.767000000000001
chrXVI	326293	9.58	10.764000000000001
chrIV	1436646	5.38	10.76
chrII	553197	6.66	10.742
chrIV	183286	5.37	10.74
chrVII	1046354	16.75	10.737
chrX	461829	8.05	10.732999999999999
chrX	211446	11.69	10.725
chrXV	804016	12.75	10.714
chrIV	47792	14.03	10.71
chrXII	879901	20.85	10.692
chrX	211118	20.29	10.679
chrXI	475538	11.04	10.615
chrV	487541	10.5	10.606
chrXV	1080673	5.3	10.6
chrXVI	580873	22.32	10.578
chrIV	426774	10.56	10.56
chrX	533759	9.08	10.558
chrXVI	436935	9.39	10.550999999999998
chrXIII	191874	5.27	10.54
chrXIII	273579	12.75	10.537
chrXVI	7460	9.46	10.511
chrXII	958411	5.98	10.491
chrXIII	733709	13.63	10.485
chrXIV	214914	7.12	10.470999999999998
chrXI	291131	6.17	10.458
chrXI	599892	5.22	10.44
chrXI	195242	5.21	10.42
chrVII	1080774	5.21	10.42
chrX	231484	14.36	10.405999999999999
chrXII	1057348	9.76	10.383
chrXII	5735	5.19	10.38
chrXI	173896	12.97	10.376
chrXVI	924368	16.9	10.368
chrVIII	417260	7.35	10.352
chrXV	686261	8.28	10.35
chrIX	396357	23.39	10.35
chrIV	1117163	6.61	10.328
chrIX	197128	12.9	10.32
chrXV	804177	5.98	10.31
chrX	613243	5.76	10.286
chrIII	307281	5.14	10.28
chrXV	230393	21.73	10.25
chrIV	552971	9.93	10.237
chrXVI	57224	11.24	10.218
chrIV	289880	8.99	10.216000000000001
chrXVI	918691	24.57	10.195
chrXII	192593	13.12	10.171
chrVII	93804	8.03	10.165
chrX	79385	7.42	10.164
chrXVI	289045	13.31	10.16
chrXV	894040	17.78	10.16
chrXI	425939	5.67	10.125
chrVIII	276517	5.06	10.12
chrIII	293846	10.6	10.095
chrXIII	523403	5.04	10.08
chrXI	499803	5.03	10.06
chrIII	155059	20.12	10.06
chrX	184995	12.77	10.055
chrXI	74051	12.76	10.047
chrXI	482826	15.37	10.046
chrXV	426072	6.92	10.029
chrXVI	516844	10.83	10.027999999999999
chrV	354798	7.42	10.027000000000001
chrXIV	635976	5.01	10.02
chrIX	308522	7.81	10.013
chrXI	5526	9.71	10.01
chrXII	378188	18.59	9.995
chrXVI	147594	8.39	9.988
chrIV	345413	6.59	9.985
chrIX	282855	4.99	9.98
chrI	114862	14.76	9.972999999999999
chrXIV	557071	5.48	9.964
chrXIV	47993	4.98	9.96
chrIV	907339	19.48	9.939
chrXV	686089	9.64	9.937999999999999
chrVII	91651	17.13	9.902000000000001
chrIV	789631	15.91	9.882
chrXV	118020	4.94	9.88
chrX	667835	16.69	9.876
chrXIV	781230	10.55	9.86
chrXIV	164765	6.31	9.859
chrIII	286422	4.92	9.84
chrIV	903293	15.21	9.812999999999999
chrIII	307920	9.71	9.808
chrII	597551	10.08	9.786
chrXVI	192871	4.89	9.78
chrVII	837125	4.89	9.78
chrXIV	182905	6.16	9.777999999999999
chrXII	47206	6.25	9.766
chrII	107291	12.09	9.75
chrXII	208771	4.87	9.74
chrXV	811034	6.71	9.725
chrXII	942338	4.86	9.72
chrXVI	163301	17.3	9.719
chrXI	416915	11.66	9.717
chrXVI	44298	8.35	9.709
chrXV	803851	12.42	9.703
chrXIII	535139	9.7	9.7
chrII	263220	4.84	9.68
chrXVI	273584	9.29	9.677
chrVIII	443795	10.92	9.664
chrII	324050	7.34	9.658
chrIV	907652	21.37	9.626
chrXIV	317398	12.77	9.602
chrVII	688073	9.89	9.602
chrVIII	12958	5.08	9.585
chrXII	552610	7.09	9.581
chrXIII	743007	9.96	9.577
chrI	99738	5.93	9.565
chrVII	59125	6.01	9.54
chrXI	288860	4.76	9.52
chrX	615021	9.9	9.519
chrXIII	343338	6.37	9.507
chrVIII	458997	6.75	9.507
chrIII	9390	6.55	9.493
chrIII	190610	6.74	9.493
chrVII	19297	13.76	9.49
chrVIII	21952	10.91	9.487
chrXII	670447	5.88	9.484
chrXIV	781399	4.74	9.48
chrX	255437	7.96	9.476
chrXIV	734206	9.37	9.465
chrXII	721416	4.73	9.46
chrXV	916028	10.78	9.456
chrXIV	525766	8.51	9.456
chrVII	699628	13.14	9.453
chrX	187113	12.47	9.447000000000001
chrIV	1002201	4.71	9.42
chrI	151540	4.71	9.42
chrXVI	273754	5.46	9.414
chrXV	493386	8.19	9.414
chrIV	685890	8.47	9.411
chrVIII	70303	12.51	9.406
chrXI	148228	14.39	9.405
chrII	242531	8.84	9.404
chrVIII	201879	7.99	9.4
chrXI	114866	5.07	9.389
chrIX	405944	8.35	9.382
chrXII	942509	4.69	9.38
chrIV	842009	5.81	9.371
chrIII	315195	16.95	9.365
chrI	176010	9.55	9.363
chrIX	197290	6.83	9.356
chrXIV	47830	4.67	9.34
chrVII	216304	4.67	9.34
chrIV	365025	4.67	9.34
chrIV	831205	13.26	9.338
chrXIII	425991	9.24	9.333
chrXII	68229	9.61	9.33
chrVIII	39292	18.45	9.318
chrX	419821	8.01	9.314
chrXV	119653	8.36	9.289
chrIX	437950	9.47	9.283999999999999
chrXII	993369	8.16	9.273
chrIV	1441007	15.02	9.272
chrXII	205312	13.72	9.27
chrVII	461640	10.0	9.259
chrVIII	62543	6.66	9.25
chrXVI	706666	9.34	9.248
chrXIII	502985	13.77	9.242
chrXI	212662	10.34	9.232000000000001
chrVIII	402523	8.12	9.227
chrIV	176685	4.61	9.22
chrIII	310993	5.07	9.218
chrXVI	896005	6.54	9.211
chrXVI	807371	8.29	9.211
chrXI	608838	4.6	9.2
chrII	692124	4.6	9.2
chrVIII	508960	6.89	9.187000000000001
chrXIII	58664	9.55	9.183
chrXII	77077	4.59	9.18
chrIX	433709	4.59	9.18
chrXIII	259389	5.69	9.177
chrXI	489685	5.69	9.177
chrXIV	451865	18.53	9.173
chrXV	228035	8.71	9.168
chrVII	435944	11.62	9.15
chrVII	380936	10.43	9.149
chrXI	483153	8.59	9.138
chrXIII	521809	6.12	9.134
chrIV	940478	14.43	9.133
chrXII	196531	8.0	9.091000000000001
chrXV	438506	7.36	9.086
chrXIII	141606	9.61	9.066
chrXVI	580711	21.36	9.051
chrXIII	834932	17.28	9.047
chrVI	269901	6.78	9.04
chrIV	1055204	6.78	9.04
chrX	644096	4.88	9.037
chrX	83609	12.64	9.029
chrII	275586	8.21	9.022
chrX	233789	11.08	9.008
chrXIV	66650	9.27	9.0
chrIV	1524082	4.5	9.0
chrXIV	565234	15.09	8.982000000000001
chrV	307658	8.62	8.979
chrVII	249550	4.48	8.96
chrXIII	629203	13.26	8.959
chrII	588814	7.7	8.953
chrXII	624343	14.68	8.951
chrXIV	82260	6.89	8.948
chrXV	326396	6.17	8.942
chrIV	428971	10.37	8.94
chrVII	1047405	11.71	8.939
chrIV	1059191	6.97	8.936
chrIV	1322230	6.51	8.918
chrXVI	326121	16.38	8.902000000000001
chrXV	120036	5.43	8.902000000000001
chrXI	273595	4.45	8.9
chrXVI	46321	7.56	8.894
chrXII	778593	16.71	8.888
chrVII	63583	7.37	8.88
chrVII	854566	25.56	8.875
chrV	522651	8.87	8.87
chrXII	581747	9.31	8.867
chrVII	919132	16.58	8.866
chrXIII	571188	4.43	8.86
chrXIII	3735	4.43	8.86
chrIV	1499741	4.43	8.86
chrXVI	17347	4.69	8.849
chrVII	465482	5.13	8.845
chrIX	42019	6.98	8.835
chrIII	288932	9.54	8.833
chrV	110551	6.27	8.831
chrXII	537272	12.27	8.827
chrII	181198	25.5	8.824
chrXV	247491	8.47	8.823
chrXII	546102	4.41	8.82
chrVII	720394	6.26	8.817
chrXV	333767	14.63	8.812999999999999
chrIII	206468	9.25	8.81
chrIV	941106	14.09	8.806000000000001
chrII	198705	6.78	8.805
chrIV	1088053	8.98	8.804
chrX	734907	13.73	8.801
chrIII	192994	4.4	8.8
chrXV	609625	14.07	8.794
chrIV	693050	4.39	8.78
chrIV	1108715	5.87	8.761000000000001
chrIV	944955	13.92	8.755
chrII	37273	4.37	8.74
chrVIII	234910	5.93	8.721
chrI	175845	6.8	8.718
chrXI	500281	10.37	8.714
chrI	227708	12.26	8.695
chrXI	570735	11.3	8.692
chrIV	1117320	8.43	8.691
chrX	735085	8.94	8.68
chrXII	427341	8.84	8.667
chrXIII	804047	16.89	8.662
chrVIII	553894	11.52	8.662
chrX	52961	5.71	8.652000000000001
chrXII	130793	12.89	8.651
chrXI	2850	5.19	8.65
chrXI	483001	12.71	8.646
chrX	88350	6.83	8.646
chrX	503161	17.72	8.644
chrXIII	213927	9.94	8.642999999999999
chrIV	2184	4.32	8.64
chrXIII	660013	14.25	8.636000000000001
chrXVI	704867	10.87	8.627
chrXIV	48296	4.31	8.62
chrII	480958	9.05	8.619
chrIX	307927	7.49	8.609
chrX	684289	6.37	8.607999999999999
chrX	395748	4.3	8.6
chrXIII	140453	10.23	8.597000000000001
chrXVI	581045	12.89	8.593
chrVIII	85145	8.93	8.587
chrVIII	502195	12.44	8.579
chrXIII	178141	15.18	8.576
chrII	29120	6.26	8.575
chrIX	85126	8.66	8.574
chrXII	246788	8.83	8.573
chrVIII	227140	13.1	8.562000000000001
chrV	316327	10.1	8.559
chrXI	148896	4.96	8.552
chrXII	539927	4.27	8.54
chrXII	193430	4.27	8.54
chrVII	449922	14.0	8.537
chrVII	10838	4.95	8.533999999999999
chrXIII	846107	10.32	8.529
chrIII	249173	10.15	8.529
chrXII	1060858	10.14	8.521
chrI	57187	15.16	8.517000000000001
chrXIV	668386	8.0	8.511000000000001
chrXV	1025604	4.68	8.509
chrXVI	814678	11.56	8.5
chrXII	778924	4.5	8.491
chrIV	827758	14.51	8.485
chrIX	226536	4.24	8.48
chrV	254849	8.13	8.469
chrIV	790495	13.04	8.468
chrX	390705	7.11	8.464
chrIII	223253	8.12	8.458
chrIX	142431	5.24	8.452
chrXIII	367010	4.22	8.44
chrIV	1342623	13.08	8.439
chrXV	1015015	4.21	8.42
chrI	157966	10.69	8.417
chrXI	161564	6.81	8.407
chrII	426111	8.49	8.406
chrV	307818	12.69	8.404
chrXIII	611	4.2	8.4
chrVII	174571	5.71	8.397
chrXIII	184110	9.4	8.392999999999999
chrXII	143698	8.39	8.39
chrXIV	456467	9.48	8.389
chrXIV	246802	9.06	8.389
chrXIV	534967	4.19	8.38
chrVIII	389119	4.18	8.36
chrXII	52563	4.68	8.357000000000001
chrVII	216455	10.02	8.35
chrV	94564	9.0	8.333
chrX	423794	9.83	8.331
chrXII	228129	5.41	8.323
chrXIII	592710	13.64	8.317
chrIV	821375	13.55	8.312999999999999
chrVII	230410	18.12	8.312000000000001
chrV	325949	4.15	8.3
chrIV	1342450	9.46	8.298
chrVII	321296	12.36	8.295
chrII	549944	9.28	8.286
chrII	182355	7.29	8.283999999999999
chrXIV	14167	7.86	8.274
chrIV	568695	5.79	8.271
chrXIV	564236	4.13	8.26
chrXI	527989	22.46	8.257
chrVII	299716	10.8	8.244
chrXII	270746	5.44	8.242
chrV	255009	4.12	8.24
chrII	474003	9.39	8.237
chrXII	13957	5.35	8.231
chrV	232927	12.59	8.229
chrVII	871422	5.43	8.227
chrXVI	46148	9.13	8.225
chrXIII	259542	12.73	8.213
chrIV	1399554	10.02	8.213
chrXVI	596881	14.04	8.211
chrIV	1223973	4.76	8.207
chrV	60875	12.39	8.205
chrXVI	571978	5.66	8.203
chrXI	592350	11.32	8.203
chrIII	254568	10.58	8.202
chrXVI	572132	4.1	8.2
chrXIII	168485	4.1	8.2
chrIV	1353949	4.1	8.2
chrXII	34717	7.95	8.196
chrXI	385953	13.03	8.195
chrIV	1394575	6.8	8.193
chrXVI	263653	13.35	8.19
chrXIV	457687	5.81	8.183
chrII	7856	4.09	8.18
chrIX	404206	17.58	8.177
chrXII	614741	11.44	8.171
chrXV	394915	7.19	8.17
chrIV	1135419	13.96	8.164
chrXI	641070	8.4	8.155
chrXV	441144	10.6	8.154
chrVI	157753	4.24	8.154
chrXIV	646769	7.01	8.151
chrX	425	10.18	8.144
chrVII	871951	8.47	8.144
chrXVI	263812	12.21	8.14
chrIV	1331175	5.53	8.132
chrII	254043	12.44	8.131
chrIV	1399391	11.7	8.125
chrXV	894201	5.36	8.121
chrVIII	390305	4.06	8.12
chrXVI	418376	8.36	8.117
chrXII	850544	10.39	8.117
chrIX	308198	5.27	8.107999999999999
chrX	9350	5.5	8.088
chrIV	1399044	7.44	8.087
chrXIII	94482	8.0	8.081
chrII	153679	4.04	8.08
chrXI	53889	5.33	8.076
chrIV	53414	9.61	8.076
chrIV	163156	12.68	8.076
chrXIII	524017	5.57	8.072000000000001
chrXIV	476606	8.39	8.067
chrVII	947396	8.47	8.067
chrX	615184	7.34	8.066
chrXVI	277837	6.21	8.065
chrXII	205139	4.03	8.06
chrXII	1063497	4.03	8.06
chrXII	249740	12.57	8.058
chrXVI	57670	9.1	8.052999999999999
chrXII	1065066	20.61	8.051
chrIV	43694	8.13	8.05
chrXIV	591447	6.51	8.037
chrVIII	387545	4.42	8.036
chrXIV	445125	19.28	8.033
chrXI	451194	12.93	8.031
chrX	375268	12.84	8.025
chrV	315828	6.34	8.025
chrII	729234	6.5	8.025
chrII	315112	10.18	8.016
chrV	394871	7.13	8.011000000000001
chrXIII	784721	7.93	8.01
chrXIII	687087	7.85	8.01
chrXIII	243420	24.18	8.007
chrVII	314042	7.83	7.99
chrIII	186332	7.51	7.989
chrVII	321775	5.51	7.986000000000001
chrVIII	360458	4.07	7.98
chrXV	939396	5.82	7.973
chrXI	176333	13.95	7.971
chrXVI	671464	12.67	7.968999999999999
chrXII	581584	7.73	7.968999999999999
chrXIV	207128	16.0	7.96
chrVII	237310	7.72	7.959
chrXI	600236	10.98	7.957000000000001
chrXIII	43539	4.93	7.952000000000001
chrIX	301149	8.19	7.9510000000000005
chrIV	1067451	6.28	7.949
chrXVI	631857	10.88	7.942
chrXVI	292253	14.21	7.939
chrVIII	397231	9.13	7.939
chrIII	308280	4.84	7.934
chrIV	781423	8.33	7.933
chrXI	619840	9.04	7.93
chrVIII	443970	22.98	7.9239999999999995
chrXII	245587	8.08	7.922000000000001
chrVIII	118007	14.1	7.921
chrXV	531484	3.96	7.92
chrXIII	141775	9.9	7.92
chrVII	1039451	3.96	7.92
chrI	119914	6.97	7.92
chrXVI	179772	14.57	7.917999999999999
chrXII	157566	8.85	7.902
chrV	399026	8.85	7.902
chrI	106195	3.95	7.9
chrIV	341797	8.21	7.894
chrXI	361496	10.65	7.888999999999999
chrXII	779366	14.27	7.8839999999999995
chrXIII	920321	4.57	7.879
chrVII	289340	5.59	7.872999999999999
chrIV	5432	4.17	7.867999999999999
chrXI	626925	9.99	7.8660000000000005
chrXII	13504	8.65	7.864
chrXI	386111	11.48	7.8629999999999995
chrXV	1090339	3.93	7.86
chrXV	1053841	3.93	7.86
chrXII	273718	4.87	7.855
chrIV	644169	5.34	7.853
chrVII	867794	6.91	7.852
chrVII	59476	5.73	7.849
chrX	724816	3.92	7.84
chrVII	811758	3.92	7.84
chrIV	1075877	3.92	7.84
chrIV	565677	9.09	7.836
chrXVI	877698	12.68	7.827000000000001
chrIV	97438	18.45	7.818
chrIII	27318	9.45	7.81
chrXIII	233658	17.41	7.807
chrV	232754	11.94	7.803999999999999
chrXVI	381880	6.86	7.795
chrXVI	230662	9.97	7.789
chrX	491620	9.58	7.789
chrXIII	736977	3.89	7.78
chrXVI	619515	9.72	7.776
chrIV	98475	6.61	7.776
chrIV	581010	6.53	7.774
chrIV	1131197	16.63	7.771
chrXV	271053	16.0	7.767
chrXIII	460792	3.96	7.765
chrXII	517518	11.1	7.7620000000000005
chrXIII	892772	3.88	7.76
chrXVI	705026	14.73	7.752999999999999
chrV	214736	4.96	7.75
chrII	318249	5.89	7.75
chrXVI	10989	8.91	7.747999999999999
chrIX	197451	6.27	7.7410000000000005
chrVII	1047257	12.68	7.732
chrXI	53265	9.97	7.729
chrVII	660275	19.32	7.728
chrXII	946219	4.79	7.726
chrXV	1090851	8.03	7.721
chrXIV	66810	7.18	7.72
chrXIII	181434	10.19	7.72
chrVIII	276355	4.09	7.7170000000000005
chrIV	475080	5.78	7.707000000000001
chrVIII	371553	9.71	7.706
chrVIII	393899	15.87	7.704
chrXVI	774248	13.17	7.702000000000001
chrI	225718	3.85	7.7
chrV	51248	13.32	7.699
chrVII	875567	7.85	7.696000000000001
chrV	20355	4.31	7.696000000000001
chrX	567659	6.54	7.694
chrXVI	869994	3.84	7.68
chrXV	1031277	3.84	7.68
chrVII	63832	3.84	7.68
chrVIII	131441	7.37	7.6770000000000005
chrXI	565698	10.67	7.676
chrIX	425658	11.82	7.675
chrXIII	504595	6.6	7.6739999999999995
chrIV	97929	12.27	7.669
chrVII	866883	8.51	7.667000000000001
chrVIII	358893	8.66	7.664
chrVIII	6630	8.58	7.6610000000000005
chrXV	604603	11.56	7.656000000000001
chrX	353932	6.81	7.652
chrXVI	57821	14.6	7.644
chrVII	10018	10.7	7.643
chrIV	114788	7.49	7.643
chrX	684151	3.82	7.64
chrVIII	401782	3.82	7.64
chrIV	2031	3.82	7.64
chrIV	174862	3.82	7.64
chrIV	620203	9.32	7.638999999999999
chrIX	410887	8.86	7.638
chrI	86870	11.99	7.6370000000000005
chrVI	116656	12.21	7.631
chrVII	334886	7.7	7.624
chrXIII	120995	8.08	7.622999999999999
chrII	71122	21.04	7.622999999999999
chrIV	477639	9.22	7.62
chrXV	1074188	4.8	7.619
chrIV	1071480	8.0	7.619
chrV	188319	7.46	7.612
chrXIV	85809	10.73	7.61
chrVI	19543	3.88	7.608
chrIII	292885	4.26	7.607
chrIV	827597	6.54	7.605
chrXII	217867	3.8	7.6
chrX	9794	4.56	7.6
chrVII	726432	10.41	7.599
chrIV	276236	12.31	7.599
chrXII	278438	16.78	7.593
chrXVI	792417	6.83	7.5889999999999995
chrII	145775	3.87	7.587999999999999
chrXIV	86242	4.78	7.587000000000001
chrI	168806	12.29	7.586
chrX	507481	4.32	7.579
chrXVI	634820	9.77	7.574
chrVIII	352295	15.22	7.572
chrIX	303782	6.96	7.565
chrXII	853474	3.78	7.56
chrVIII	491917	10.65	7.553
chrIV	484140	8.3	7.545
chrI	174948	12.07	7.544
chrXIII	502634	11.84	7.541
chrXVI	292092	10.7	7.535
chrVIII	439498	12.96	7.535
chrXIV	202218	4.67	7.532
chrXIV	400355	8.43	7.527
chrXIV	485589	6.62	7.523
chrXV	355114	3.76	7.52
chrIV	1417353	7.97	7.519
chrX	507310	7.44	7.515
chrVII	283781	9.84	7.511
chrIII	63631	17.11	7.504
chrXIV	521509	3.75	7.5
chrVII	647103	8.4	7.5
chrXVI	485928	11.32	7.497000000000001
chrXIII	837803	4.72	7.492000000000001
chrII	734598	4.27	7.4910000000000005
chrIV	314097	5.39	7.486000000000001
chrX	737095	3.74	7.48
chrIX	308369	8.0	7.477
chrVII	701187	4.56	7.475
chrIV	164042	4.26	7.474
chrXI	640901	9.63	7.465
chrVIII	202052	14.18	7.462999999999999
chrVII	213754	3.73	7.46
chrXIV	100675	8.13	7.459
chrXIV	288012	10.44	7.457000000000001
chrV	417122	3.95	7.452999999999999
chrV	213182	7.74	7.442
chrIV	18686	10.92	7.428999999999999
chrVIII	2803	3.71	7.42
chrIV	1032674	6.53	7.42
chrIII	291561	6.75	7.417999999999999
chrIV	690450	4.45	7.417000000000001
chrVI	158151	4.74	7.406000000000001
chrIX	342680	9.92	7.403
chrVII	1051702	4.44	7.4
chrXVI	35413	7.47	7.396
chrXVI	11150	10.28	7.396
chrXIV	213112	9.39	7.394
chrIV	791315	4.14	7.393
chrII	151478	11.31	7.392
chrXII	316110	15.37	7.388999999999999
chrVIII	393267	4.43	7.382999999999999
chrXII	246947	3.69	7.38
chrIV	1352840	3.69	7.38
chrVII	245153	4.87	7.379
chrV	232584	8.4	7.367999999999999
chrXII	72655	9.18	7.343999999999999
chrXII	1062396	5.14	7.343
chrVIII	284882	5.36	7.3420000000000005
chrXII	168152	6.9	7.34
chrXII	1057512	8.95	7.336
chrIV	458181	4.84	7.332999999999999
chrVIII	159011	19.94	7.331
chrXII	585624	4.69	7.327999999999999
chrXVI	767308	6.74	7.3260000000000005
chrXIV	375443	6.37	7.322
chrXIV	317237	13.18	7.322
chrXII	993195	4.1	7.321000000000001
chrX	52800	3.66	7.32
chrXV	281871	6.44	7.318
chrXIII	575398	12.44	7.318
chrIV	394366	10.02	7.314
chrXV	228181	4.46	7.311
chrII	145417	9.65	7.311
chrXV	440519	5.48	7.307
chrXV	1080490	3.65	7.3
chrIV	784871	3.65	7.3
chrXV	438332	9.78	7.2989999999999995
chrXII	422948	11.97	7.2989999999999995
chrIV	941278	17.08	7.2989999999999995
chrVII	878946	9.05	7.297999999999999
chrVII	205375	6.48	7.281000000000001
chrXV	226974	13.25	7.28
chrIV	251279	3.64	7.28
chrIV	1088215	3.64	7.28
chrX	47876	14.99	7.277
chrXV	594899	6.47	7.27
chrVII	902529	6.32	7.263999999999999
chrVII	695588	7.99	7.263999999999999
chrXIII	808057	9.66	7.263
chrXIII	732060	3.63	7.26
chrXII	696570	12.27	7.26
chrVII	1080940	5.59	7.26
chrII	805326	3.63	7.26
chrXIII	692463	7.04	7.257999999999999
chrIV	1395380	11.17	7.252999999999999
chrXIV	685501	8.63	7.252000000000001
chrIII	216376	12.31	7.2410000000000005
chrVII	1038491	3.62	7.24
chrVIII	131279	14.9	7.233
chrXII	1000808	8.75	7.231
chrXII	143380	10.41	7.229
chrXI	188718	4.48	7.226
chrVI	167235	6.5	7.222
chrIV	98100	3.9	7.222
chrXVI	386447	3.61	7.22
chrXV	1086958	10.18	7.22
chrVII	1038313	3.61	7.22
chrII	436974	7.0	7.216
chrXV	633820	6.49	7.211
chrIV	276824	4.47	7.21
chrXI	5702	4.18	7.207000000000001
chrX	302669	7.42	7.204
chrXII	928793	6.84	7.2
chrXII	589693	6.98	7.196000000000001
chrXV	595068	5.9	7.195
chrXIV	83664	18.85	7.195
chrII	745033	13.88	7.192
chrXI	273171	5.68	7.19
chrVII	108172	6.9	7.188
chrVI	31653	7.83	7.183
chrII	447773	8.62	7.183
chrII	22586	10.63	7.182
chrIV	1287998	7.54	7.181
chrVII	854416	15.72	7.178
chrII	669949	12.13	7.178
chrVII	643397	7.75	7.176
chrX	257617	11.76	7.171
chrII	323880	16.91	7.165
chrXII	279383	8.88	7.1610000000000005
chrXIV	102241	3.58	7.16
chrX	128971	3.58	7.16
chrIV	1485238	3.65	7.157
chrVII	767526	11.95	7.156000000000001
chrX	555922	7.58	7.151
chrI	119425	15.14	7.142
chrXI	665489	7.21	7.138999999999999
chrXI	155168	22.26	7.135
chrX	740199	5.28	7.135
chrXV	106577	6.92	7.1339999999999995
chrXV	1059245	11.53	7.117000000000001
chrVII	793796	13.52	7.1160000000000005
chrXII	221786	5.76	7.111000000000001
chrII	633209	10.88	7.111000000000001
chrXV	324209	6.54	7.109
chrXI	490654	10.87	7.105
chrVII	870925	5.61	7.101
chrVII	982103	6.39	7.1
chrXV	441751	8.22	7.086
chrXII	609964	15.09	7.085
chrXIII	631810	10.34	7.082000000000001
chrXIII	79147	19.61	7.079
chrIV	1117651	8.55	7.066
chrXIV	695786	17.37	7.061
chrXVI	191431	3.53	7.06
chrIV	5596	3.53	7.06
chrXII	747856	3.67	7.058
chrV	326542	15.74	7.058
chrXVI	290895	6.14	7.057
chrXV	147550	13.97	7.056
chrVII	357646	8.89	7.056
chrXIV	308612	4.09	7.0520000000000005
chrII	95429	5.57	7.051
chrX	470768	11.84	7.047999999999999
chrX	328104	9.79	7.042999999999999
chrXVI	418099	3.52	7.04
chrVIII	85843	3.52	7.04
chrXIV	289340	7.25	7.039
chrXV	586869	9.29	7.037999999999999
chrIII	14031	7.46	7.037999999999999
chrVIII	40260	11.47	7.037000000000001
chrVII	435612	4.57	7.031000000000001
chrXII	691263	5.34	7.026
chrXIV	164931	6.46	7.022
chrXV	87175	3.51	7.02
chrXIII	181160	3.51	7.02
chrX	450638	6.88	7.02
chrXV	741712	8.14	7.017
chrXVI	543833	6.1	7.011
chrXVI	707249	17.08	7.0
chrXIII	806736	3.64	7.0
chrXII	893650	9.03	7.0
chrX	342490	3.5	7.0
chrXI	403869	6.99	6.99
chrXV	195494	17.4	6.9879999999999995
chrXIII	4246	4.82	6.986000000000001
chrII	281327	3.7	6.981
chrXI	53438	3.49	6.98
chrVIII	522812	3.56	6.98
chrXI	360058	6.0	6.977
chrI	208417	6.0	6.977
chrX	410807	15.69	6.973
chrI	175337	14.29	6.971
chrXIII	693551	11.78	6.97
chrVII	62086	8.92	6.968999999999999
chrX	491110	4.25	6.9670000000000005
chrX	461558	10.31	6.966
chrXIII	531899	3.83	6.9639999999999995
chrXII	802382	3.48	6.96
chrIV	358126	5.98	6.952999999999999
chrXI	333811	12.23	6.949
chrIV	1492915	5.42	6.949
chrXVI	153674	9.03	6.946000000000001
chrII	437301	8.68	6.944
chrVII	1042397	3.68	6.943
chrXIV	430049	4.72	6.941
chrIV	515892	3.47	6.94
chrIV	283411	4.44	6.938
chrXI	154243	9.71	6.936
chrXVI	181100	8.59	6.9270000000000005
chrXV	602835	9.42	6.926
chrVII	750097	3.46	6.92
chrIV	1384081	11.62	6.917000000000001
chrXII	274321	6.5	6.915
chrIV	1060271	7.18	6.904
chrX	581270	8.76	6.898
chrVIII	221107	8.14	6.898
chrXII	11237	12.69	6.897
chrXV	113651	8.47	6.886
chrVI	162068	6.47	6.882999999999999
chrXII	127088	9.22	6.881
chrIII	56986	3.44	6.88
chrXV	436274	9.7	6.879
chrVIII	40431	18.57	6.877999999999999
chrXIII	142191	7.97	6.871
chrIV	345650	12.23	6.871
chrXV	350239	5.29	6.87
chrXVI	924729	15.11	6.867999999999999
chrXII	518284	5.7	6.867000000000001
chrXIV	452026	13.8	6.8660000000000005
chrXV	113477	12.35	6.861000000000001
chrV	512200	3.43	6.86
chrXVI	370643	14.06	6.859
chrXV	333335	4.32	6.857
chrXVI	707072	14.72	6.847
chrVI	210376	3.42	6.84
chrVII	843253	11.28	6.836
chrXVI	814837	12.03	6.835
chrIV	446427	14.41	6.829
chrX	10943	7.1	6.827000000000001
chrVII	353370	7.85	6.8260000000000005
chrXII	982346	8.12	6.824
chrII	679024	13.85	6.8229999999999995
chrIII	96571	18.42	6.822
chrXIV	772665	3.41	6.82
chrXVI	809623	4.5	6.818
chrVIII	177976	9.0	6.818
chrXVI	808571	23.52	6.817
chrXI	521698	8.52	6.816
chrX	414586	8.79	6.814
chrIV	1524254	9.47	6.813
chrXIII	778790	8.31	6.811
chrXII	673751	3.61	6.811
chrXI	458404	3.61	6.811
chrIV	1484098	9.74	6.811
chrIX	172246	15.45	6.806
chrVII	275917	6.6	6.803999999999999
chrXV	896202	4.49	6.803
chrXI	162193	4.15	6.803
chrX	725770	12.04	6.8020000000000005
chrIV	1196271	3.4	6.8
chrXIV	227128	5.91	6.792999999999999
chrXI	50070	4.89	6.792000000000001
chrXVI	61035	11.07	6.791
chrXI	82640	4.07	6.7829999999999995
chrX	247239	4.4	6.769
chrII	181921	13.74	6.768
chrII	658186	11.3	6.766
chrX	422446	7.44	6.763999999999999
chrIV	21325	7.44	6.763999999999999
chrXIII	413131	5.41	6.763
chrX	28871	3.65	6.7589999999999995
chrX	725929	8.92	6.757999999999999
chrVII	237468	6.08	6.756
chrXIII	95278	11.61	6.75
chrVIII	533463	5.13	6.75
chrXV	889192	13.16	6.749
chrVII	172902	5.06	6.747000000000001
chrII	242361	9.24	6.745
chrVII	111180	3.37	6.74
chrII	761430	10.44	6.735
chrXV	188987	3.77	6.732
chrIV	1129787	16.96	6.73
chrX	425743	11.37	6.728
chrXVI	802330	3.36	6.72
chrIII	42108	5.04	6.72
chrXVI	309417	8.53	6.7170000000000005
chrIII	273290	3.96	6.712000000000001
chrXIII	392145	5.77	6.709
chrXII	1060696	10.13	6.709
chrV	171685	9.46	6.709
chrXVI	121254	3.89	6.707000000000001
chrVII	454812	3.89	6.707000000000001
chrV	25591	8.78	6.702000000000001
chrXIII	919808	3.35	6.7
chrIV	519429	3.35	6.7
chrXVI	142986	9.71	6.697
chrIV	267724	9.91	6.696000000000001
chrXI	642683	5.02	6.693
chrIV	1447403	5.89	6.693
chrXI	592522	7.16	6.692
chrXII	230847	4.08	6.689
chrVII	50016	8.16	6.689
chrII	29281	11.84	6.689
chrVII	421381	6.42	6.688
chrXV	571827	4.21	6.683
chrXVI	596712	9.22	6.681
chrVII	767857	7.75	6.681
chrXVI	156198	3.34	6.68
chrIII	96391	12.89	6.678999999999999
chrXIV	592697	6.01	6.678
chrXV	745942	8.28	6.6770000000000005
chrIX	315115	4.14	6.6770000000000005
chrXVI	469923	4.54	6.676
chrXII	265635	6.13	6.662999999999999
chrIV	557878	11.06	6.662999999999999
chrX	130590	8.06	6.6610000000000005
chrVII	448524	5.26	6.6579999999999995
chrVII	182569	7.72	6.655
chrII	757418	5.59	6.655
chrVII	793467	7.85	6.653
chrX	556231	6.25	6.649
chrIV	443644	4.52	6.647
chrXVI	564862	8.24	6.645
chrVII	946951	8.04	6.645
chrV	172972	17.54	6.644
chrIII	240529	8.57	6.643
chrXII	655218	5.38	6.642
chrVII	53410	10.03	6.642
chrVII	382993	5.71	6.64
chrXII	517344	5.04	6.632000000000001
chrIV	1114031	4.51	6.632000000000001
chrII	546376	5.5	6.627000000000001
chrVI	167076	10.2	6.622999999999999
chrXIII	137682	12.58	6.621
chrXIV	563035	3.7	6.607
chrXIII	684775	10.77	6.607
chrXII	213414	11.89	6.606
chrVII	58880	6.87	6.606
chrVII	879663	6.14	6.602
chrVII	633580	8.12	6.602
chrXV	1085911	11.55	6.6
chrVIII	368364	3.96	6.6
chrIV	1353759	3.3	6.6
chrIII	307742	3.3	6.6
chrII	711190	5.74	6.598
chrIV	159288	4.22	6.593999999999999
chrV	178993	7.12	6.593
chrXIV	599666	8.37	6.591
chrXIII	856607	12.72	6.591
chrVII	214348	15.42	6.59
chrIV	1349962	3.36	6.587999999999999
chrI	180289	3.49	6.585
chrX	583509	11.39	6.584
chrI	202518	6.32	6.582999999999999
chrXII	958747	9.74	6.581
chrVIII	229807	5.66	6.581
chrII	177835	3.29	6.58
chrXV	353332	13.55	6.577999999999999
chrV	232018	7.63	6.577999999999999
chrX	507139	14.92	6.5729999999999995
chrXIII	592545	16.56	6.571000000000001
chrXVI	941182	7.75	6.568
chrXV	111677	8.93	6.566
chrII	670871	16.02	6.566
chrIV	1480421	3.61	6.564
chrXI	458224	6.3	6.562
chrXV	851348	7.6	6.5520000000000005
chrXII	408594	17.56	6.5520000000000005
chrXV	230229	12.51	6.55
chrVIII	371413	12.17	6.542999999999999
chrXIII	213776	11.84	6.541
chrXIV	685341	12.81	6.5360000000000005
chrXII	17535	11.7	6.5360000000000005
chrXV	807475	7.45	6.535
chrVII	1016569	9.28	6.535
chrV	64994	10.11	6.523
chrIV	1487316	3.26	6.52
chrII	8027	3.26	6.52
chrXVI	923785	10.56	6.519
chrXV	140504	7.43	6.518
chrXI	457440	3.65	6.518
chrXIV	287832	11.99	6.516
chrXIII	814132	4.04	6.516
chrXI	184989	12.51	6.516
chrIII	118178	8.99	6.513999999999999
chrIII	143815	4.36	6.507000000000001
chrVII	371221	5.66	6.506
chrXIV	211957	6.7	6.505
chrXIV	206966	6.18	6.505
chrXIII	83112	6.83	6.505
chrIV	853959	7.74	6.504
chrXVI	263974	7.28	6.5
chrVIII	40079	4.29	6.5
chrII	7144	5.46	6.5
chrXVI	321500	6.56	6.495
chrVI	57716	4.74	6.492999999999999
chrXII	237717	5.71	6.489
chrXIV	678782	8.17	6.484
chrVII	205214	9.92	6.484
chrXII	167615	8.36	6.481
chrVII	284415	5.25	6.481
chrXIII	2361	3.24	6.48
chrXI	50237	6.93	6.477
chrIV	746721	9.52	6.476
chrV	374518	10.1	6.474
chrXII	546273	6.08	6.468
chrIX	117476	4.98	6.468
chrXVI	516695	5.69	6.466
chrXII	805858	5.04	6.462000000000001
chrXVI	870690	8.72	6.459
chrVII	10669	5.49	6.459
chrXVI	243100	3.68	6.456
chrXIII	83272	13.1	6.452999999999999
chrV	425286	4.71	6.452000000000001
chrXV	547020	6.51	6.446000000000001
chrXI	600057	6.38	6.444
chrVII	302885	10.63	6.442
chrXII	227986	4.38	6.441
chrIV	827321	3.22	6.44
chrIV	1178477	3.22	6.44
chrVII	389730	6.31	6.439
chrX	342839	15.9	6.437
chrXIV	297901	12.1	6.436
chrXV	545164	8.75	6.434
chrXVI	923118	13.51	6.433
chrII	779453	7.78	6.43
chrX	556079	9.7	6.4239999999999995
chrVII	768016	6.36	6.4239999999999995
chrXI	493914	3.21	6.42
chrIV	1358902	3.21	6.42
chrIV	326475	5.26	6.415
chrXVI	147431	6.34	6.404
chrXII	778752	6.66	6.404
chrVII	688544	6.34	6.404
chrXV	960216	3.2	6.4
chrXV	749265	3.2	6.4
chrXV	271387	6.08	6.4
chrXI	626576	3.2	6.4
chrVII	812190	3.2	6.4
chrIX	193183	3.52	6.4
chrIV	826485	8.96	6.4
chrXIII	733534	6.91	6.398
chrX	573973	6.91	6.398
chrXIII	367178	3.71	6.397
chrXV	922865	4.54	6.394
chrIV	1350444	3.26	6.392
chrVII	452372	8.69	6.39
chrXII	206322	17.68	6.382999999999999
chrIV	778723	5.36	6.381
chrXI	76006	13.27	6.38
chrVII	1038761	3.19	6.38
chrXII	687209	12.63	6.379
chrXV	78603	5.74	6.377999999999999
chrIV	183774	9.63	6.377000000000001
chrVIII	39472	8.48	6.376
chrVII	634624	7.84	6.374
chrXII	1021913	4.78	6.372999999999999
chrII	592599	3.95	6.371
chrIV	733395	10.32	6.37
chrXVI	923608	11.08	6.367999999999999
chrXV	528620	7.13	6.3660000000000005
chrXII	912597	4.39	6.362
chrXVI	164145	3.18	6.36
chrIV	337084	8.65	6.36
chrI	189251	3.18	6.36
chrXIV	330103	5.15	6.358
chrXIII	523866	4.64	6.356
chrVII	345378	18.24	6.355
chrXIII	707293	10.04	6.354
chrIV	1399215	8.45	6.353
chrII	437139	11.37	6.352
chrXVI	436432	6.03	6.347
chrVII	706401	3.68	6.345
chrVII	1039086	5.33	6.345
chrXI	202709	9.07	6.343
chrVII	688224	7.23	6.3420000000000005
chrXVI	7711	3.17	6.34
chrXVI	208977	3.55	6.3389999999999995
chrXII	34887	8.24	6.337999999999999
chrXVI	69980	6.59	6.337000000000001
chrXV	1001286	10.26	6.332999999999999
chrVII	87868	6.52	6.33
chrX	728705	4.05	6.327999999999999
chrXIII	181000	5.82	6.3260000000000005
chrXII	1011254	4.49	6.324
chrXIV	10193	3.16	6.32
chrXIII	97911	6.57	6.317
chrIV	739995	4.61	6.315
chrXIV	511356	13.57	6.312
chrXII	850864	12.62	6.31
chrVII	313722	8.83	6.307
chrXIV	588285	8.26	6.305
chrII	528634	7.94	6.3020000000000005
chrII	653359	5.48	6.2989999999999995
chrII	43306	9.76	6.297000000000001
chrII	791878	7.49	6.294
chrVII	709661	4.34	6.29
chrVII	110847	7.8	6.29
chrXII	302401	7.61	6.289
chrXII	1022088	6.35	6.287000000000001
chrXII	72985	3.96	6.2860000000000005
chrVII	421127	3.33	6.2829999999999995
chrIX	348718	5.78	6.2829999999999995
chrIII	179770	6.22	6.2829999999999995
chrXIII	421325	6.91	6.282
chrXV	373732	3.14	6.28
chrXIV	326710	3.14	6.28
chrIV	872132	3.14	6.28
chrIV	826657	6.78	6.278
chrIV	534188	4.08	6.277
chrXV	270887	7.97	6.276
chrXIII	502484	10.67	6.276
chrXII	363467	9.22	6.272
chrII	40972	5.08	6.272
chrXI	592822	6.77	6.269
chrIII	70317	9.78	6.269
chrXVI	138393	3.13	6.26
chrXVI	818499	6.76	6.2589999999999995
chrIV	620537	12.33	6.2589999999999995
chrXI	1758	4.13	6.257999999999999
chrIII	190772	13.07	6.254
chrXII	398872	14.87	6.247999999999999
chrVII	173960	8.06	6.247999999999999
chrXI	418470	9.87	6.247000000000001
chrIII	273452	6.37	6.245
chrIII	196835	6.43	6.242999999999999
chrIV	554249	8.55	6.2410000000000005
chrII	333003	4.93	6.2410000000000005
chrXI	596830	3.12	6.24
chrXI	125946	3.12	6.24
chrX	202800	3.12	6.24
chrVI	10802	3.12	6.24
chrII	71586	3.12	6.24
chrVII	319626	4.43	6.239
chrXIV	551527	9.54	6.235
chrXIV	471412	7.17	6.235
chrV	120585	7.23	6.233
chrII	505688	6.98	6.232
chrXIII	837174	16.94	6.228
chrIV	1341830	5.73	6.228
chrXIII	687248	4.67	6.227
chrXI	272053	6.04	6.227
chrXVI	26515	5.79	6.226
chrXIII	191187	10.46	6.226
chrII	505868	9.4	6.225
chrXVI	179942	12.51	6.224
chrV	451141	7.59	6.221
chrIX	370311	3.11	6.22
chrI	26565	3.11	6.22
chrIII	242351	4.54	6.218999999999999
chrXII	1021246	10.69	6.215
chrXIII	501880	5.59	6.211
chrVII	923971	10.93	6.21
chrXIV	66468	3.29	6.207999999999999
chrXIV	288169	12.23	6.207999999999999
chrXIII	4080	4.22	6.206
chrI	82762	6.02	6.206
chrVIII	448265	7.32	6.202999999999999
chrVII	793627	10.98	6.202999999999999
chrXI	398808	3.1	6.2
chrI	55796	3.1	6.2
chrVIII	481012	5.02	6.1979999999999995
chrII	124622	9.35	6.192
chrX	365766	5.2	6.19
chrVIII	446071	7.49	6.19
chrVI	79141	14.3	6.19
chrXVI	807695	11.51	6.188
chrXIII	671330	3.96	6.188
chrIV	534907	5.69	6.185
chrXVI	480160	7.85	6.181
chrVIII	195639	6.86	6.18
chrIV	434475	3.09	6.18
chrV	110385	6.24	6.178
chrXII	1002058	3.58	6.172000000000001
chrXII	885256	4.69	6.171
chrV	34781	9.87	6.169
chrIX	184169	14.99	6.169
chrIV	1093381	6.78	6.164
chrXI	255718	3.08	6.16
chrIV	351215	3.08	6.16
chrXVI	556583	12.38	6.159
chrVI	118559	5.42	6.159
chrII	749594	8.37	6.154
chrXII	111863	9.72	6.152
chrV	176622	6.21	6.149
chrXIV	14007	9.71	6.146
chrXIII	276342	10.94	6.146
chrXV	47845	7.31	6.143
chrXV	281727	5.16	6.143
chrXIII	127526	8.6	6.143
chrIV	163000	15.91	6.143
chrXVI	747449	8.72	6.141
chrVII	48657	8.29	6.141
chrXIV	378493	3.07	6.14
chrXII	238025	3.07	6.14
chrIX	89959	7.55	6.138
chrXV	960052	7.61	6.1370000000000005
chrV	201717	12.09	6.1370000000000005
chrV	237494	5.4	6.136
chrXV	916190	12.33	6.1339999999999995
chrXVI	192704	9.13	6.127999999999999
chrVII	867026	10.96	6.122999999999999
chrIV	562443	3.55	6.121
chrXII	696890	3.06	6.12
chrVIII	371241	13.22	6.12
chrXIII	217498	19.64	6.117999999999999
chrIX	378512	9.48	6.1160000000000005
chrXIII	243262	10.33	6.112
chrV	171827	6.6	6.111000000000001
chrXIII	177969	16.07	6.11
chrXV	747261	6.17	6.109
chrVII	204101	3.91	6.109
chrIV	258877	3.36	6.109
chrXII	982511	6.47	6.104
chrII	480791	11.9	6.103
chrXV	792863	10.13	6.102
chrXIV	8120	7.75	6.102
chrXIV	419806	14.4	6.102
chrXII	270108	9.03	6.101
chrXI	510250	9.64	6.101
chrII	572453	4.82	6.101
chrXIII	462641	4.27	6.1
chrI	205566	4.88	6.1
chrVII	662639	9.08	6.093999999999999
chrXVI	53130	6.58	6.093
chrV	126181	6.82	6.0889999999999995
chrIV	1169125	4.87	6.087000000000001
chrII	528460	6.27	6.087000000000001
chrXVI	155698	9.86	6.086
chrXIV	199804	14.97	6.085
chrXI	643355	6.45	6.085
chrIV	1267432	10.1	6.084
chrII	550095	11.62	6.084
chrII	273376	12.41	6.082999999999999
chrX	129247	3.04	6.08
chrVI	116000	3.04	6.08
chrXI	660396	12.82	6.0760000000000005
chrXII	893974	8.93	6.075
chrXIII	736390	5.77	6.074
chrVIII	538260	4.98	6.0729999999999995
chrVII	180894	12.57	6.072
chrXV	1089340	12.32	6.069
chrX	581430	9.71	6.069
chrVI	159090	11.28	6.065
chrXI	161717	15.28	6.063
chrV	316514	4.79	6.063
chrVIII	330346	3.94	6.062
chrIV	950727	13.58	6.062
chrX	52636	3.03	6.06
chrII	704545	3.03	6.06
chrXII	1029063	9.87	6.055
chrIV	1447255	3.51	6.0520000000000005
chrV	487703	9.5	6.051
chrIV	47631	9.07	6.047000000000001
chrIV	380929	6.41	6.047000000000001
chrVIII	407222	12.27	6.044
chrIII	167981	11.06	6.044
chrXIII	486779	8.76	6.041
chrXV	898350	3.02	6.04
chrX	302842	3.02	6.04
chrVII	695408	3.02	6.04
chrIX	397031	3.02	6.04
chrXVI	35253	3.08	6.039
chrVII	827544	7.67	6.039
chrXII	778102	6.4	6.037999999999999
chrVIII	516441	4.83	6.037000000000001
chrXII	665495	11.59	6.0360000000000005
chrIV	381259	9.05	6.0329999999999995
chrIII	74444	7.72	6.031000000000001
chrI	157821	7.72	6.031000000000001
chrIV	664728	10.55	6.029
chrXVI	514072	7.41	6.024
chrXIII	20451	8.24	6.015
chrXVI	178847	5.17	6.0120000000000005
chrXII	278600	5.41	6.011
chrVI	232630	12.2	6.01
chrXVI	254923	6.6	6.0
chrVIII	338054	3.0	6.0
chrXV	138353	10.19	5.994
chrXI	88032	10.07	5.994
chrIV	1473008	8.93	5.992999999999999
chrXVI	751745	7.91	5.992000000000001
chrXII	177404	4.07	5.985
chrXIV	419176	11.31	5.984
chrXIV	23619	3.35	5.982
chrXV	633983	6.22	5.981
chrVI	99044	2.99	5.98
chrXII	918042	5.8	5.979
chrIII	96730	17.81	5.977
chrXVI	659720	9.92	5.976
chrIV	952465	5.02	5.976
chrII	448938	9.8	5.976
chrIV	584210	8.78	5.973
chrVI	99214	6.27	5.971
chrXIII	835370	7.58	5.968999999999999
chrXII	696731	9.55	5.968999999999999
chrXVI	416123	8.41	5.965
chrVII	702617	3.34	5.9639999999999995
chrXV	896040	7.09	5.957999999999999
chrVII	607581	5.12	5.952999999999999
chrII	807579	5.0	5.952000000000001
chrXIV	476442	12.2	5.9510000000000005
chrVII	531451	5.65	5.947
chrI	152598	5.35	5.944
chrXI	160824	6.12	5.942
chrII	738594	3.03	5.941
chrX	491282	8.85	5.94
chrVII	382836	6.53	5.936
chrX	502978	10.68	5.933
chrVII	392582	8.48	5.93
chrVII	213591	7.47	5.928999999999999
chrXVI	290722	7.23	5.926
chrXII	720213	6.93	5.922999999999999
chrVI	135467	5.39	5.922999999999999
chrXV	1090197	2.96	5.92
chrVI	31509	2.96	5.92
chrVII	299989	5.09	5.919
chrXVI	156027	4.32	5.917999999999999
chrX	46874	3.61	5.917999999999999
chrVIII	357949	6.27	5.915
chrXII	194168	5.44	5.912999999999999
chrXII	384176	20.8	5.909
chrVIII	408193	8.39	5.9079999999999995
chrI	227255	4.96	5.905
chrV	51402	8.62	5.904
chrXIII	145250	11.39	5.902
chrXV	1001121	2.95	5.9
chrVII	843412	11.86	5.9
chrII	182516	8.14	5.899
chrXI	2080	6.84	5.897
chrVII	531108	3.42	5.897
chrX	71722	14.38	5.893
chrX	278528	3.24	5.891
chrIV	1063493	10.84	5.891
chrXI	78625	10.07	5.888999999999999
chrXII	378361	18.84	5.8870000000000005
chrX	450475	14.07	5.8870000000000005
chrXV	943370	8.24	5.886
chrXV	77295	2.94	5.88
chrV	264686	2.94	5.88
chrIII	291998	2.94	5.88
chrIII	142912	2.94	5.88
chrX	47227	9.23	5.879
chrII	181627	10.17	5.879
chrV	151554	5.29	5.877999999999999
chrIV	778565	9.17	5.877999999999999
chrXI	205282	3.35	5.877000000000001
chrII	95932	7.99	5.875
chrIX	60307	7.75	5.871
chrXIII	875515	9.8	5.867999999999999
chrXV	187046	5.69	5.8660000000000005
chrV	564601	13.19	5.862
chrVII	643758	4.63	5.861000000000001
chrXVI	359958	6.68	5.86
chrVIII	211170	2.93	5.86
chrIX	207601	11.19	5.859
chrXIII	369522	10.54	5.856
chrVII	38610	6.03	5.854
chrXV	146797	5.15	5.852
chrVIII	69337	9.89	5.852
chrXIV	359265	3.86	5.848
chrIX	356433	10.87	5.843999999999999
chrX	230886	9.7	5.843
chrII	92600	3.33	5.8420000000000005
chrXV	996096	7.3	5.84
chrXV	1079383	2.92	5.84
chrX	253935	16.47	5.84
chrII	34584	2.92	5.84
chrXV	300952	6.54	5.8389999999999995
chrXIII	659206	8.58	5.837000000000001
chrXV	186591	7.82	5.836
chrVII	695912	10.21	5.834
chrIV	700406	8.46	5.834
chrII	720947	10.73	5.832000000000001
chrX	388357	4.14	5.831
chrVIII	459285	5.01	5.8260000000000005
chrIV	1114285	4.6	5.8229999999999995
chrXIV	23470	2.91	5.82
chrVII	18093	2.91	5.82
chrIX	397295	2.91	5.82
chrX	736526	4.83	5.819
chrXV	1058213	6.4	5.818
chrXV	644931	13.38	5.817
chrXIII	598790	14.83	5.816
chrXIII	696487	7.21	5.815
chrVII	286145	3.78	5.815
chrIV	1112111	10.58	5.813
chrXIII	518109	11.16	5.812
chrV	25753	11.97	5.811
chrXVI	85299	6.74	5.81
chrV	65409	3.37	5.81
chrX	633706	15.45	5.808
chrXIII	813951	7.72	5.805
chrVII	237805	8.24	5.803
chrXV	181425	5.57	5.8020000000000005
chrXVI	246981	6.09	5.8
chrVII	87715	3.48	5.8
chrIV	10893	2.9	5.8
chrII	84583	2.9	5.8
chrV	246099	8.87	5.797000000000001
chrV	229471	7.13	5.797000000000001
chrIX	345366	6.95	5.792000000000001
chrII	18348	13.9	5.792000000000001
chrXIV	374692	4.92	5.787999999999999
chrXII	910307	9.03	5.787999999999999
chrXII	751430	6.59	5.781000000000001
chrX	375925	2.89	5.78
chrIV	743980	2.89	5.78
chrIII	8916	2.89	5.78
chrII	101669	7.34	5.78
chrXI	98786	12.25	5.778
chrXII	39123	10.34	5.777
chrXII	47375	3.06	5.774
chrV	272219	4.85	5.774
chrXVI	14031	5.31	5.772
chrVII	238884	8.37	5.772
chrXVI	869515	12.98	5.769
chrXV	1070681	3.98	5.768
chrXIII	671180	6.46	5.768
chrXIII	23505	8.19	5.768
chrVII	203065	8.94	5.768
chrIV	826810	4.96	5.767
chrX	732344	7.03	5.7620000000000005
chrXIV	413582	4.32	5.76
chrXII	1071634	2.88	5.76
chrVII	245605	5.76	5.76
chrXV	186764	3.57	5.757999999999999
chrXV	347640	4.26	5.757000000000001
chrVII	1022668	7.77	5.756
chrXII	607939	6.04	5.752000000000001
chrII	526527	5.81	5.752000000000001
chrXIII	360141	3.45	5.75
chrXII	157714	4.6	5.75
chrX	305687	7.82	5.75
chrXIII	659854	13.28	5.749
chrXIII	234005	9.54	5.747000000000001
chrXIII	41793	5.4	5.745
chrXIV	264940	10.11	5.744
chrIV	43509	14.13	5.744
chrXV	1077108	2.87	5.74
chrXII	823512	2.87	5.74
chrIV	903134	7.52	5.74
chrV	258319	3.96	5.739
chrII	321611	3.96	5.739
chrXII	853786	3.5	5.7379999999999995
chrIII	206625	4.36	5.737
chrXVI	236934	9.98	5.736000000000001
chrXIII	227842	9.35	5.736000000000001
chrVII	1031996	3.04	5.736000000000001
chrXVI	888690	4.93	5.733
chrXVI	593573	7.51	5.733
chrXV	1070351	3.44	5.733
chrV	522332	14.16	5.733
chrXIV	375282	3.61	5.73
chrVIII	494231	12.49	5.729
chrII	718987	3.55	5.726
chrIV	163569	18.72	5.725
chrIII	65566	9.04	5.722
chrXV	786891	2.86	5.72
chrXV	48647	6.92	5.718999999999999
chrI	6123	3.43	5.7170000000000005
chrXV	996736	3.83	5.716
chrX	16260	5.77	5.712999999999999
chrXV	117438	9.48	5.711
chrII	486047	7.71	5.711
chrX	177551	3.31	5.707000000000001
chrVII	202906	4.85	5.706
chrVII	234166	12.43	5.702000000000001
chrIV	438055	5.93	5.702000000000001
chrXVI	277521	2.85	5.7
chrXV	1082776	2.85	5.7
chrX	645531	17.1	5.7
chrV	215383	7.98	5.7
chrV	159094	2.85	5.7
chrIII	310706	3.99	5.7
chrIV	524400	9.29	5.699
chrIV	1263427	3.59	5.6979999999999995
chrVII	601855	8.09	5.697
chrXI	500453	12.19	5.696000000000001
chrXII	331637	7.23	5.693
chrXI	527583	9.96	5.691
chrXIII	595070	7.51	5.689
chrIX	183141	4.21	5.689
chrI	54226	7.11	5.688
chrXVI	436263	4.72	5.687
chrVIII	129501	11.43	5.687
chrVIII	461427	7.79	5.686
chrXVI	458494	6.08	5.682
chrII	161713	3.75	5.682
chrX	731738	2.84	5.68
chrII	805175	2.84	5.68
chrIII	186503	12.72	5.678999999999999
chrII	323708	10.22	5.678
chrXIV	323240	10.33	5.676
chrVIII	262076	4.03	5.676
chrX	195244	4.54	5.675
chrXV	471912	8.34	5.672999999999999
chrX	514702	10.89	5.672000000000001
chrXIV	246973	9.64	5.671
chrX	658441	13.61	5.671
chrIII	95238	18.94	5.671
chrIV	676600	6.18	5.67
chrXV	58856	3.91	5.667000000000001
chrII	734288	8.21	5.662000000000001
chrXVI	770580	6.68	5.6610000000000005
chrXV	35626	2.83	5.66
chrV	393949	2.83	5.66
chrXVI	166810	11.43	5.6579999999999995
chrXII	885746	6.11	5.657
chrXVI	218196	10.97	5.655
chrIII	286751	6.39	5.655
chrXII	315874	4.41	5.654
chrXII	174831	5.54	5.653
chrVIII	350119	9.55	5.651
chrXIII	503146	20.34	5.65
chrVI	155513	13.33	5.648
chrXIV	83168	4.8	5.647
chrXI	346755	4.8	5.647
chrXVI	570074	5.7	5.644
chrXIII	587035	5.87	5.644
chrIV	438213	9.2	5.644
chrXIV	207472	10.27	5.643
chrVII	981947	7.56	5.642
chrII	254223	10.38	5.641
chrXVI	774510	2.82	5.64
chrXV	733130	12.35	5.638999999999999
chrII	321863	6.54	5.638
chrIII	237095	4.51	5.6370000000000005
chrV	522491	19.67	5.636
chrX	486703	9.24	5.6339999999999995
chrVII	405187	6.31	5.6339999999999995
chrIV	703608	17.18	5.632999999999999
chrXVI	499875	3.83	5.632000000000001
chrVII	63991	4.84	5.627999999999999
chrXII	912146	9.62	5.626
chrVIII	534659	3.6	5.625
chrVII	448350	9.9	5.625
chrII	177395	12.88	5.624
chrXII	851023	11.97	5.62
chrIII	291422	2.81	5.62
chrXI	557765	4.72	5.619
chrVII	234332	4.55	5.617000000000001
chrXII	691115	4.83	5.6160000000000005
chrXIV	418327	5.11	5.615
chrIX	289286	4.94	5.614
chrVIII	129663	12.29	5.612
chrXIII	891988	7.18	5.609
chrXIII	920665	4.71	5.607
chrVI	161044	9.42	5.607
chrXI	313665	4.82	5.605
chrVIII	447633	6.95	5.605
chrVI	117131	4.26	5.605
chrXVI	707891	7.51	5.604
chrXIII	921197	2.97	5.604
chrXIII	707116	3.81	5.603
chrV	106416	4.65	5.602
chrX	541178	2.8	5.6
chrV	432481	5.15	5.598
chrX	542831	2.91	5.596
chrIX	188815	4.7	5.595
chrXV	558956	10.45	5.587999999999999
chrXIII	357986	2.85	5.587999999999999
chrXI	130779	18.05	5.587999999999999
chrX	583343	9.89	5.587999999999999
chrIII	193319	7.32	5.587999999999999
chrXIII	311992	4.19	5.587000000000001
chrV	372648	7.99	5.587000000000001
chrII	186300	5.14	5.587000000000001
chrIV	943411	3.24	5.586
chrII	317822	4.58	5.585
chrXV	586698	3.35	5.582999999999999
chrXI	547745	8.04	5.582999999999999
chrXVI	152478	6.14	5.582000000000001
chrXII	165962	10.94	5.582000000000001
chrXIV	383712	2.79	5.58
chrXIV	287591	2.79	5.58
chrXVI	554790	8.09	5.579
chrXVI	565328	5.02	5.577999999999999
chrVII	892186	8.2	5.577999999999999
chrXIV	23881	2.9	5.577000000000001
chrXVI	495864	8.03	5.5760000000000005
chrV	502881	8.42	5.5760000000000005
chrXV	761255	7.19	5.574
chrVII	312230	4.29	5.571000000000001
chrXII	880071	16.32	5.57
chrV	270971	9.02	5.568
chrXIV	744358	5.4	5.567
chrVII	156717	3.34	5.567
chrVII	236498	11.41	5.566
chrV	274196	2.95	5.566
chrXII	183396	5.23	5.564
chrXI	49774	5.62	5.564
chrVI	8704	2.78	5.56
chrXVI	347092	3.28	5.559
chrXVI	321179	3.28	5.559
chrII	276975	7.95	5.559
chrII	17727	3.78	5.559
chrXVI	706489	10.06	5.558
chrV	214566	9.06	5.558
chrXI	190939	7.28	5.557
chrIV	1087003	5.39	5.557
chrXVI	607767	4.22	5.553
chrXI	148555	5.72	5.553
chrX	352747	5.72	5.553
chrXV	524720	15.43	5.55
chrXII	517966	3.33	5.55
chrII	49005	9.71	5.5489999999999995
chrVII	946281	3.55	5.547000000000001
chrXI	155007	10.76	5.546
chrVIII	364025	14.03	5.545
chrXIV	747263	3.27	5.542000000000001
chrXV	775433	2.77	5.54
chrIV	14222	2.77	5.54
chrXIV	744181	5.76	5.537999999999999
chrXII	502746	16.06	5.537999999999999
chrVII	374812	6.09	5.5360000000000005
chrXIV	164601	3.93	5.535
chrX	83770	5.7	5.534
chrII	330036	9.79	5.531000000000001
chrXIII	692963	9.07	5.53
chrXVI	250898	4.81	5.529
chrXIV	135448	3.15	5.526
chrXIV	387222	4.25	5.519
chrXV	59035	7.78	5.518
chrIX	113112	8.55	5.516
chrXIV	723132	3.75	5.515
chrIV	158571	5.79	5.513999999999999
chrXIV	554783	4.74	5.5120000000000005
chrVII	392399	10.25	5.511
chrXV	922705	10.69	5.51
chrXII	522083	6.39	5.5089999999999995
chrIV	1076215	3.14	5.5089999999999995
chrIV	1466375	3.69	5.507000000000001
chrXIV	565085	9.03	5.506
chrVII	364523	4.68	5.506
chrV	330335	4.79	5.506
chrV	148369	5.89	5.505
chrXIV	226782	7.54	5.504
chrIV	351023	6.66	5.504
chrXVI	291068	2.75	5.5
chrXIV	52664	4.95	5.5
chrXIV	456618	9.46	5.5
chrXIII	706538	6.27	5.5
chrXII	771517	13.2	5.5
chrXII	434635	3.63	5.5
chrVII	946131	2.75	5.5
chrIX	61572	10.72	5.497000000000001
chrXI	457157	6.87	5.496
chrVII	6542	5.88	5.495
chrVII	91206	3.9	5.492999999999999
chrX	378916	12.96	5.492000000000001
chrI	16051	3.02	5.4910000000000005
chrVII	689779	8.29	5.49
chrVI	16730	2.8	5.49
chrXIII	782644	4.83	5.489
chrXVI	191600	6.97	5.4879999999999995
chrX	514861	12.73	5.487
chrXIV	330481	11.41	5.486000000000001
chrX	391252	4.06	5.486000000000001
chrI	57337	7.13	5.485
chrVIII	392945	11.24	5.483
chrII	739447	13.98	5.482
chrXIV	160368	2.85	5.481
chrXVI	153497	2.74	5.48
chrIV	791487	2.74	5.48
chrIV	784061	6.85	5.48
chrI	225891	2.74	5.48
chrV	39618	6.3	5.478
chrIII	205364	5.04	5.478
chrV	146754	9.36	5.474
chrIII	280136	5.31	5.474
chrX	187277	10.23	5.471
chrVIII	429839	14.06	5.471
chrIV	609926	8.48	5.471
chrXIII	574298	11.26	5.466
chrIV	497198	11.15	5.466
chrVII	174734	9.18	5.4639999999999995
chrXIV	40819	7.43	5.462999999999999
chrXII	423282	11.47	5.462000000000001
chrX	21305	5.08	5.462000000000001
chrVII	924716	4.75	5.46
chrXIII	494599	9.06	5.457999999999999
chrIII	287570	12.98	5.454
chrXI	483422	6.81	5.4479999999999995
chrV	521842	6.21	5.447
chrV	106714	8.77	5.447
chrXII	155990	8.55	5.446000000000001
chrIV	52451	5.01	5.446000000000001
chrXVI	58641	3.92	5.444
chrXII	408758	15.57	5.444
chrV	562258	5.39	5.444
chrI	175524	10.61	5.441
chrXII	222407	2.72	5.44
chrV	382034	6.31	5.44
chrXII	1066721	9.68	5.438
chrV	306664	6.96	5.438
chrIV	1294392	4.35	5.437
chrXIII	502794	8.86	5.436
chrVIII	353612	3.75	5.435
chrXV	53256	3.26	5.433
chrXI	248598	6.79	5.432
chrXV	1089110	3.15	5.431
chrIV	489516	3.53	5.431
chrXI	15231	5.05	5.43
chrXIII	421490	9.5	5.428999999999999
chrXIV	554627	9.39	5.428
chrIX	142281	6.24	5.426
chrXVI	514243	2.71	5.42
chrXII	40355	2.71	5.42
chrX	226720	2.71	5.42
chrVII	13785	9.05	5.419
chrI	90210	5.69	5.419
chrIV	86405	9.59	5.417999999999999
chrXVI	538084	7.58	5.414
chrII	623796	9.04	5.412999999999999
chrXIII	44372	21.64	5.41
chrVII	10179	5.03	5.409
chrIV	11043	3.19	5.407
chrIV	580860	5.08	5.404
chrIV	853788	10.75	5.402
chrX	581601	8.37	5.4
chrX	203865	2.7	5.4
chrX	186948	2.7	5.4
chrIV	482777	4.59	5.4
chrII	741340	8.64	5.4
chrII	263067	2.7	5.4
chrVII	299546	12.52	5.397
chrXIV	742152	4.8	5.393
chrIV	943073	9.76	5.392
chrII	487989	8.95	5.392
chrIII	17304	10.13	5.388
chrII	558889	5.44	5.386
chrVII	404429	6.03	5.3839999999999995
chrXIV	381956	3.23	5.382999999999999
chrXVI	767768	2.96	5.382000000000001
chrII	321438	5.22	5.381
chrXII	381035	8.93	5.38
chrXIV	83492	10.65	5.379
chrX	45885	4.14	5.377000000000001
chrXII	626910	11.02	5.376
chrXVI	590191	6.02	5.375
chrIV	1386997	11.61	5.375
chrIV	1093529	5.32	5.374
chrIV	671428	8.22	5.372999999999999
chrXV	478356	12.56	5.367999999999999
chrVI	161888	8.21	5.3660000000000005
chrIV	743791	7.03	5.3660000000000005
chrIV	281496	8.1	5.364
chrIV	1074843	9.28	5.364
chrII	315272	4.88	5.3629999999999995
chrXV	195654	14.26	5.361000000000001
chrX	317476	11.74	5.361000000000001
chrIV	275587	11.15	5.361000000000001
chrXIII	97476	2.68	5.36
chrIV	887215	5.36	5.36
chrII	691692	7.02	5.359
chrIX	363225	7.18	5.358
chrIV	1111963	6.16	5.357
chrXII	849675	3.91	5.356
chrIV	1357573	3.32	5.355
chrXIII	267124	5.3	5.354
chrVII	73156	8.78	5.354
chrVII	420966	4.39	5.354
chrV	500642	4.55	5.353
chrXIV	434850	6.1	5.351
chrIII	191062	10.22	5.351
chrXVI	360207	7.65	5.35
chrXI	196354	10.16	5.347
chrII	127514	2.94	5.345
chrX	59326	5.77	5.343
chrXI	146472	11.53	5.337999999999999
chrXVI	371131	6.35	5.336
chrXII	958575	6.51	5.336
chrIV	159140	6.03	5.336
chrI	154713	7.95	5.336
chrXVI	774661	4.48	5.332999999999999
chrXII	833628	4.96	5.332999999999999
chrXIII	242047	7.89	5.331
chrX	423640	9.17	5.331
chrXIII	619467	3.09	5.327999999999999
chrX	676595	9.43	5.327999999999999
chrIII	131069	9.91	5.327999999999999
